﻿OAC Group,OAC Code,Average people per household,Total Weekly Expenditure
Rural Workers and Families,1a1,2.6,504.16
Established Farming Communities,1a2,2.4,651.1
Agricultural Communities,1a3,2.3,566.95
Older Farming Communities,1a4,2.1,494.71
Rural Life,1b1,2.3,472.99
Rural White-Collar Workers,1b2,2.3,670.81
Ageing Rural Flat Tenants,1b3,2.2,466.95
Rural Employment and Retirees,1c1,2.3,661.27
Renting Rural Retirement,1c2,2.5,501.88
Detached Rural Retirement,1c3,2.4,597.01
Student Communal Living,2a1,2.3,705.26
Student Digs,2a2,2.9,622.71
Students and Professionals,2a3,2.3,504.7
Students and Commuters,2b1,1.7,391.03
Multicultural Student Neighbourhoods,2b2,1.7,537.6
Migrant Families,2c1,1.8,398.12
Migrant Commuters,2c2,1.8,311.52
Professional Service Cosmopolitans,2c3,1.7,418.77
Urban Cultural Mix,2d1,2.2,618.66
Highly-Qualified Quaternary Workers,2d2,1.6,604.66
EU White-Collar Workers,2d3,2,753.4
Established Renting Families,3a1,2.7,356.69
Young Families and Students,3a2,2.6,448.65
Striving Service Workers,3b1,2.2,352.69
Bangladeshi Mixed Employment,3b2,3.1,507.77
Multi-Ethnic Professional Service Workers,3b3,2.1,627.57
Constrained Neighbourhoods,3c1,2.2,248.59
Constrained Commuters,3c2,2.6,0
New EU Tech Workers,3d1,1.9,652.71
Established Tech Workers,3d2,2.7,592.1
Old EU Tech Workers,3d3,2.5,513.5
Private Renting Young Families,4a1,2.6,367.57
Social Renting New Arrivals,4a2,2.4,425.14
Commuters with Young Families,4a3,2.9,579.66
Asian Terraces and Flats,4b1,3,409.03
Pakistani Communities,4b2,3.4,349.75
Achieving Minorities,4c1,2.7,588.73
Multicultural New Arrivals,4c2,3.1,545.41
Inner City Ethnic Mix,4c3,2.4,604.76
White Professionals,5a1,2.4,515.34
Multi-Ethnic Professionals with Families,5a2,2.6,615.32
Families in Terraces and Flats ,5a3,2.3,497.37
Delayed Retirement,5b1,2.2,594.95
Communal Retirement,5b2,2.2,527.11
Self-Sufficient Retirement,5b3,2.1,475.37
Indian Tech Achievers,6a1,2.5,702.04
Comfortable Suburbia,6a2,2.6,684.63
Detached Retirement Living,6a3,2.3,544.68
Ageing in Suburbia,6a4,2.3,690.12
Multi-Ethnic Suburbia,6b1,2.6,530.77
White Suburban Communities,6b2,2.5,565.38
Semi-Detached Ageing,6b3,2.3,477.19
Older Workers and Retirement,6b4,2.3,514.37
Transitional Eastern European Neighbourhoods,7a1,2,279.3
Hampered Aspiration,7a2,2.1,379.57
Multi-Ethnic Hardship,7a3,2.1,282.69
Eastern European Communities,7b1,2,254.65
Deprived Neighbourhoods,7b2,2.1,238.2
Endeavouring Flat Dwellers,7b3,1.8,260.47
Challenged Transitionaries,7c1,2,316.7
Constrained Young Families,7c2,2.1,290.6
Outer City Hardship,7c3,2.1,331.83
Ageing Communities and Families,7d1,1.8,322.52
Retired Independent City Dwellers,7d2,1.4,211.04
Retired Communal City Dwellers,7d3,1.6,277.18
Retired City Hardship1,7d4,1.2,0
Industrious Transitions,8a1,2.4,463.81
Industrious Hardship,8a2,2.6,392.16
Deprived Blue-Collar Terraces,8b1,2.4,410.64
Hard-Pressed Rented Terraces,8b2,2.3,316.69
Ageing Industrious Workers,8c1,2.2,442.48
Ageing Rural Industry Workers,8c2,2.2,398.28
Renting Hard-Pressed Workers,8c3,2.3,368.82
Young Hard-Pressed Families,8d1,2.7,326.2
Hard-Pressed Ethnic Mix,8d2,2.5,376.24
Hard-Pressed European Settlers,8d3,2.5,389.44